acc	sketch_size	n_collision_hashes	n_kmers_in_collisions	total_kmer_positions	total_distinct_kmers_selected
SRR22103702	461893	0	0	460494020	461893
ERR7221611	203131	0	0	203452374	203131
SRR22103698	395908	0	0	394999460	395908
SRR13588956	475888	0	0	475256075	475888
ERR7221609	258552	0	0	258956949	258552
SRR6820513	526693	0	0	526076496	526693
SRR6820512	514576	0	0	514197542	514576
SRR22103693	844883	0	0	842662136	844883
SRR3506420	310870	0	0	311104518	310870
SRR22103694	835851	0	0	835602814	835851
ERR7221608	302562	0	0	302747997	302562
SRR3195447	852322	0	0	851868368	852322
SRR13588979	602407	0	0	601996113	602407
SRR13588859	464875	0	0	465308512	464875
SRR22103697	1101368	0	0	1101707111	1101368
SRR13588973	559265	0	0	559345227	559265
SRR13588962	818719	0	0	818100884	818719
SRR17827863	1393938	0	0	1392516843	1393938
SRR3195483	666809	0	0	666643722	666809
ERR5192583	1587249	0	0	1585305807	1587249
SRR3195395	1451083	0	0	1451676659	1451083
DRR247343	1444741	0	0	1444608414	1444741
SRR26283955	936872	0	0	937016705	936872
SRR3195486	1288171	0	0	1289526683	1288171
SRR17827896	722802	0	0	723120538	722802
DRR082460	1277674	0	0	1277795218	1277674
SRR13588958	415843	0	0	416080711	415843
ERR5192584	1536561	0	0	1534741351	1536561
SRR13588853	496885	0	0	497210327	496885
ERR3641954	1827808	0	0	1827252954	1827808
SRR12137097	1614935	0	0	1616245124	1614935
SRR17827839	929273	0	0	927957061	929273
SRR3195491	1638036	0	0	1636084708	1638036
SRR3314795	1419120	0	0	1418376459	1419120
SRR22857910	1355988	0	0	1354447761	1355988
ERR5192582	1599693	0	0	1598799132	1599693
SRR11195283	2277782	0	0	2276200206	2277782
ERR5192580	1757711	0	0	1756171118	1757711
ERR9765744	730244	0	0	729326554	730244
ERR9765745	723943	0	0	724922017	723943
SRR17827829	1004705	0	0	1003429606	1004705
SRR17827822	1228637	0	0	1228854474	1228637
ERR3641956	1634582	0	0	1636070921	1634582
SRR17827841	821641	0	0	821775558	821641
SRR15910053	895434	0	0	895038932	895434
ERR5192581	1702813	0	0	1701175142	1702813
SRR15910082	1053167	0	0	1052413602	1053167
SRR15910076	1303606	0	0	1303003431	1303606
SRR17827850	1718164	0	0	1718546976	1718164
SRR3546779	221919	0	0	221167987	221919
ERR10048405	2626896	0	0	2627623454	2626896
SRR13077804	791405	0	0	790956041	791405
SRR15910078	1305910	0	0	1303924436	1305910
SRR3195453	1240321	0	0	1240848847	1240321
SRR17827818	1145554	0	0	1145135730	1145554
SRR12887164	1471162	0	0	1472076793	1471162
SRR15436211	1363731	0	0	1366359185	1363731
SRR4297033	1221118	0	0	1220918770	1221118
SRR10204416	2665687	0	0	2666054271	2665687
SRR12887166	1397382	0	0	1396995633	1397382
ERR10048408	2611777	0	0	2612969023	2611777
SRR17827930	1431455	0	0	1429108869	1431455
SRR11195284	3557647	0	0	3555566187	3557647
SRR17827853	1361724	0	0	1361913885	1361724
SRR3195485	1260114	0	0	1257987606	1260114
SRR17827883	1413604	0	0	1414292320	1413604
SRR17827846	1575738	0	0	1573639913	1575738
SRR17827900	1103802	0	0	1104624008	1103802
SRR17827865	1120094	0	0	1120282108	1120094
SRR17827870	1331160	0	0	1331187029	1331160
SRR12887157	1558114	0	0	1556208516	1558114
SRR15910079	1619920	0	0	1618443258	1619920
SRR17827943	1206648	0	0	1206051234	1206648
SRR17827909	1069224	0	0	1068429175	1069224
SRR17827847	1548206	0	0	1547929704	1548206
SRR17827871	1363730	0	0	1362527933	1363730
SRR636597	1397386	0	0	1394875255	1397386
SRR17827933	1337292	0	0	1336441904	1337292
SRR13588971	639979	0	0	640245081	639979
SRR17827815	1465671	0	0	1465227087	1465671
SRR17827851	1032821	0	0	1030867069	1032821
SRR17827948	1549388	0	0	1548744633	1549388
SRR17827877	1201457	0	0	1200989816	1201457
SRR17827915	1504614	0	0	1503428792	1504614
SRR15910085	746998	0	0	746861197	746998
SRR17827922	1462736	0	0	1463648368	1462736
ERR6844497	2400032	0	0	2398707433	2400032
SRR17827838	888069	0	0	888380326	888069
SRR13371681	992276	0	0	992667971	992276
SRR15910072	1448569	0	0	1446883266	1448569
ERR10048398	2543640	0	0	2545330910	2543640
SRR3314796	1956674	0	0	1957907677	1956674
SRR15910075	1301922	0	0	1299661817	1301922
ERR10048368	2546238	0	0	2547297724	2546238
SRR18112698	2827729	0	0	2826597774	2827729
SRR17827945	1445489	0	0	1443492587	1445489
ERR10048385	2558654	0	0	2559347384	2558654
SRR17827832	869715	0	0	870393848	869715
SRR15910056	1527675	0	0	1525248704	1527675
SRR17827886	824540	0	0	823649471	824540
SRR12887159	946496	0	0	945805937	946496
SRR3732367	1506135	0	0	1506144196	1506135
SRR17827881	1277683	0	0	1277654572	1277683
SRR17827901	1495136	0	0	1492796088	1495136
SRR17827837	1431744	0	0	1430482391	1431744
SRR3732371	2216227	0	0	2216368533	2216227
SRR13371682	920324	0	0	919531809	920324
ERR6844498	2455933	0	0	2453340193	2455933
ERR10777242	2912948	0	0	2912917459	2912948
SRR12887158	1551336	0	0	1551224654	1551336
SRR19514068	3702430	0	0	3698001499	3702430
ERR3192246	1800212	0	0	1801762997	1800212
SRR15910073	1103455	0	0	1102268645	1103455
SRR17827925	1237050	0	0	1235136733	1237050
ERR10905743	2064331	0	0	2061825682	2064331
SRR15910058	963233	0	0	962898467	963233
SRR17182801	1446217	0	0	1443707506	1446217
SRR15910069	632441	0	0	631996332	632441
SRR10987117	1590197	0	0	1589489034	1590197
SRR17827840	1585008	0	0	1584329813	1585008
SRR17827826	845596	0	0	845918827	845596
SRR17827812	1469708	0	0	1470128541	1469708
SRR17827914	738289	0	0	738399149	738289
SRR17827942	1120382	0	0	1121018733	1120382
SRR13588970	459774	0	0	461326218	459774
ERR10048396	2575324	0	0	2575539511	2575324
SRR15436255	1209096	0	0	1211273175	1209096
SRR25909051	970810	0	0	972078072	970810
SRR11673985	2410774	0	0	2411048540	2410774
SRR17827872	1073186	0	0	1071749050	1073186
SRR8451930	3323527	0	0	3322039157	3323527
ERR10857169	3947118	0	0	3946441399	3947118
SRR17827817	1128473	0	0	1128210692	1128473
SRR12887161	1290415	0	0	1289625701	1290415
SRR17827873	1267841	0	0	1266555841	1267841
SRR17827831	864451	0	0	864753677	864451
SRR17827843	1193650	0	0	1192536452	1193650
SRR11673978	2424883	0	0	2425315636	2424883
SRR17827835	1445044	0	0	1443321825	1445044
SRR17827917	1304311	0	0	1303234554	1304311
SRR17827845	1148979	0	0	1149072329	1148979
SRR15910059	579812	0	0	579887897	579812
SRR15910077	1118836	0	0	1118279766	1118836
SRR22103699	2287444	0	0	2287037250	2287444
ERR10048397	2552131	0	0	2553671519	2552131
SRR15910054	1400658	0	0	1399883522	1400658
ERR9669538	3706117	0	0	3707673939	3706117
ERR10048390	2687355	0	0	2687827274	2687355
SRR17827888	1335128	0	0	1334320831	1335128
SRR17827926	1066703	0	0	1066427201	1066703
ERR4234199	3042377	0	0	3040072407	3042377
SRR17714426	398151	0	0	398141307	398151
ERR10048403	2556705	0	0	2557558482	2556705
SRR17827898	906803	0	0	906192950	906803
ERR10048391	2532363	0	0	2532090197	2532363
SRR13425445	5452469	0	0	5452907678	5452469
SRR17827821	768820	0	0	768899527	768820
SRR15910068	1364163	0	0	1364833340	1364163
ERR10048399	2555292	0	0	2556452943	2555292
ERR10048400	2521885	0	0	2522529905	2521885
SRR17827879	856929	0	0	856480414	856929
SRR636569	4101541	0	0	4101752458	4101541
SRR12887167	1159604	0	0	1159512423	1159604
SRR17827907	1115605	0	0	1115508102	1115605
SRR17827836	1695156	0	0	1692430893	1695156
SRR22904639	1277511	0	0	1278395696	1277511
SRR5405808	496453	0	0	495949537	496453
SRR13588926	567370	0	0	567476046	567370
SRR17827834	1541777	0	0	1539496151	1541777
ERR10048401	2539737	0	0	2541024723	2539737
SRR17827876	972264	0	0	970295164	972264
SRR17827939	1349083	0	0	1348384610	1349083
SRR13588959	349015	0	0	348708066	349015
SRR26283956	1046112	0	0	1047316273	1046112
SRR3195487	2221658	0	0	2222819295	2221658
SRR17827874	968008	0	0	967110190	968008
SRR17827825	1973694	0	0	1972963591	1973694
SRR22103701	521277	0	0	519957085	521277
SRR15910052	1085771	0	0	1085025914	1085771
SRR15910064	1172004	0	0	1170254295	1172004
SRR17827924	1256444	0	0	1256308776	1256444
SRR17827882	1348872	0	0	1348916802	1348872
SRR17827848	1337605	0	0	1337769074	1337605
ERR4234200	3686357	0	0	3685013837	3686357
SRR17827819	1341792	0	0	1341149447	1341792
SRR17827833	915687	0	0	914395603	915687
ERR8052777	1228739	0	0	1227710498	1228739
SRR17827891	1712514	0	0	1712761859	1712514
SRR17827858	1065998	0	0	1065713465	1065998
SRR19514071	5738182	0	0	5735683941	5738182
SRR15910067	943460	0	0	942951621	943460
SRR944699	6253998	0	0	6253113930	6253998
SRR13371683	865988	0	0	866033785	865988
SRR19514066	5946603	0	0	5943861139	5946603
ERR10048409	2516488	0	0	2517324578	2516488
SRR5749613	2838689	0	0	2838819076	2838689
SRR1576521	1533299	0	0	1534807774	1533299
SRR6228043	719169	0	0	720464329	719169
ERR3200806	1163724	0	0	1164919228	1163724
SRR12887165	1303035	0	0	1301298798	1303035
ERR10048395	2543642	0	0	2544910553	2543642
SRR17827944	1237176	0	0	1236243885	1237176
SRR17827937	925215	0	0	925683055	925215
SRR15910087	1028362	0	0	1027710991	1028362
SRR17182795	1609106	0	0	1607772516	1609106
SRR15910074	547672	0	0	547220236	547672
SRR2179953	2794829	0	0	2794954871	2794829
ERR10048374	2542659	0	0	2543360455	2542659
SRR17827912	1006524	0	0	1004993044	1006524
ERR10048367	2613209	0	0	2614107889	2613209
SRR21498850	3040952	0	0	3045978700	3040952
ERR3094544	403731	0	0	404210515	403731
SRR17827913	1881714	0	0	1880387270	1881714
SRR17827828	837416	0	0	836999237	837416
SRR17464404	1400779	0	0	1400476341	1400779
SRR17827864	1657966	0	0	1656794483	1657966
SRR17827893	892851	0	0	892256132	892851
SRR3989451	5252605	0	0	5254703276	5252605
ERR10048389	2638244	0	0	2639583406	2638244
SRR8442993	2588343	0	0	2585863791	2588343
SRR17827869	804693	0	0	804067372	804693
ERR10777244	2707904	0	0	2707137923	2707904
SRR17827928	942265	0	0	941895182	942265
SRR17827921	1531258	0	0	1530819450	1531258
SRR5487654	2444003	0	0	2445579845	2444003
SRR23086381	4289414	0	0	4291171562	4289414
SRR17827911	1625703	0	0	1625940508	1625703
SRR17827861	1074273	0	0	1074128847	1074273
SRR19514064	7070945	0	0	7071173993	7070945
ERR8050695	1149418	0	0	1148211707	1149418
SRR17827938	715897	0	0	716662581	715897
SRR15910084	1054136	0	0	1052785837	1054136
SRR19514065	7524319	0	0	7527243799	7524319
SRR19514063	7872834	0	0	7875418035	7872834
SRR11673975	1901230	0	0	1901641252	1901230
SRR15910071	973485	0	0	972750626	973485
ERR10048376	2535172	0	0	2535450064	2535172
ERR10048375	2506125	0	0	2507022766	2506125
SRR12283286	2720146	0	0	2719244326	2720146
SRR11593520	1584451	0	0	1584401856	1584451
ERR10048372	2500097	0	0	2500773869	2500097
SRR17827884	1116284	0	0	1115418632	1116284
ERR5029616	1072779	0	0	1073079353	1072779
SRR2846706	1001799	0	0	1002150134	1001799
SRR17464419	1371897	0	0	1369819606	1371897
SRR19514074	7164116	0	0	7161926571	7164116
SRR17827862	1830178	0	0	1831160340	1830178
SRR17827908	1068758	0	0	1069508367	1068758
SRR2090153	4308006	0	0	4308272094	4308006
SRR17827830	1311183	0	0	1312290343	1311183
SRR24752792	5733587	0	0	5734581954	5733587
ERR10905742	1792596	0	0	1790724905	1792596
SRR17827895	1303530	0	0	1302668296	1303530
SRR9640556	1018218	0	0	1018459501	1018218
SRR5248173	5362394	0	0	5359111266	5362394
SRR14702244	1413294	0	0	1412019782	1413294
SRR13588855	530442	0	0	530280641	530442
ERR10048402	2507040	0	0	2507839885	2507040
ERR10048370	2556261	0	0	2556849438	2556261
SRR17827932	975511	0	0	974623856	975511
ERR10048384	2502698	0	0	2503302166	2502698
ERR10048380	2523216	0	0	2523972802	2523216
ERR712377	3575478	0	0	3576275607	3575478
SRR13425446	9534773	0	0	9532904307	9534773
SRR1313318	2117734	0	0	2116295752	2117734
SRR17827927	1057976	0	0	1058069703	1057976
ERR10048381	2504006	0	0	2504205012	2504006
SRR3989261	7952267	0	0	7956912284	7952267
SRR11195290	1811385	0	0	1811237702	1811385
ERR10048411	2510640	0	0	2511183053	2510640
SRR17827910	1239059	0	0	1239010820	1239059
SRR17827889	753796	0	0	752414058	753796
ERR4234198	3223610	0	0	3222268951	3223610
SRR13588872	717359	0	0	716305813	717359
SRR15910051	1442150	0	0	1440759363	1442150
ERR10048388	2492738	0	0	2493750847	2492738
ERR599052	3610328	0	0	3610833858	3610328
DRR045340	2781412	0	0	2783076871	2781412
SRR6219231	5245111	0	0	5242042826	5245111
SRR5248856	1730012	0	0	1729757950	1730012
SRR9650342	584681	0	0	583776646	584681
SRR1179181	1663949	0	0	1664076390	1663949
SRR17182786	1475784	0	0	1474575498	1475784
SRR23946008	3530058	0	0	3528338673	3530058
DRR046818	2265897	0	0	2264933633	2265897
SRR8187104	1235161	0	0	1233985392	1235161
ERR2762108	1288261	0	0	1287220004	1288261
SRR8550535	8533641	0	0	8537878520	8533641
SRR5247224	2789728	0	0	2790104576	2789728
SRR5248873	1989356	0	0	1988872712	1989356
SRR7971122	1842658	0	0	1842378731	1842658
SRR8451815	2879534	0	0	2880337062	2879534
SRR15910081	736069	0	0	736545653	736069
SRR2133850	4527127	0	0	4525402560	4527127
SRR17827941	1653052	0	0	1650695143	1653052
SRR9033758	929589	0	0	931047284	929589
SRR17827899	981082	0	0	979651245	981082
ERR598995	4089470	0	0	4088210822	4089470
SRR15910070	1093873	0	0	1092800931	1093873
ERR10101796	1161669	0	0	1160884760	1161669
SRR8451830	2949286	0	0	2950119711	2949286
SRR17827902	882499	0	0	883608416	882499
SRR5247065	4674378	0	0	4674511301	4674378
SRR25885122	769513	0	0	770412607	769513
SRR9640563					
SRR17827875	1192301	0	0	1191762093	1192301
ERR2843943	3032374	0	0	3030112396	3032374
SRR6207735	5733380	0	0	5733931036	5733380
SRR17827906	1494018	0	0	1492985566	1494018
ERR10101446	1718840	0	0	1719734318	1718840
SRR3989342	4273800	0	0	4272433821	4273800
SRR5963395	455469	0	0	455051331	455469
SRR17827859	1074716	0	0	1072830291	1074716
SRR5247122	841172	0	0	842331284	841172
SRR3466404	230920	0	0	230420032	230920
SRR6214541	606430	0	0	606905490	606430
SRR17827820	1605434	0	0	1603636995	1605434
SRR8451817	3310502	0	0	3310638623	3310502
SRR23086383	3554381	0	0	3551547948	3554381
ERR2762185	687017	0	0	686461285	687017
SRR5248464	8456888	0	0	8461189044	8456888
ERR10048379	2501823	0	0	2501755699	2501823
SRR15910060	842408	0	0	842759706	842408
SRR5248174	6392803	0	0	6392475112	6392803
SRR5249264	235736	0	0	235860950	235736
SRR1955887	712615	0	0	713138502	712615
SRR11195276	3243394	0	0	3240943951	3243394
SRR3990169	4848531	0	0	4848408948	4848531
SRR8451831	2811778	0	0	2813666726	2811778
SRR3989268	7194720	0	0	7194913628	7194720
SRR11195275	2322259	0	0	2320627046	2322259
SRR15910055	682046	0	0	681795115	682046
SRR17827894	796500	0	0	795740874	796500
SRR5247220	836050	0	0	835517537	836050
SRR17827920	1138029	0	0	1138106459	1138029
SRR17464456	1485987	0	0	1484677792	1485987
SRR15910065	897908	0	0	897610249	897908
SRR5386564	4327792	0	0	4325729990	4327792
SRR6214538	535207	0	0	535419808	535207
SRR8451822	3182738	0	0	3183424974	3182738
SRR4027998	11138051	0	0	11142800519	11138051
ERR10101499	1762722	0	0	1763948791	1762722
SRR13588955	409551	0	0	408898685	409551
SRR5273316	231378	0	0	231212099	231378
SRR8451832	2602972	0	0	2604815809	2602972
ERR2762138	1283237	0	0	1283163434	1283237
SRR13588861	777028	0	0	776924717	777028
SRR14300309	1324491	0	0	1323206561	1324491
SRR25013880	599096	0	0	599761416	599096
SRR18158617	3039652	0	0	3038714303	3039652
SRR7971120	981196	0	0	979953813	981196
SRR5248970	4048312	0	0	4046934295	4048312
SRR15910080	710404	0	0	709284113	710404
ERR10493270	694601	0	0	695536720	694601
SRR9640554	1193881	0	0	1195407987	1193881
SRR15436187	1075110	0	0	1076404111	1075110
ERR10101772	532548	0	0	532956634	532548
SRR7052951	2557777	0	0	2555065268	2557777
SRR7985596	2415655	0	0	2413952998	2415655
SRR13325288	10424224	0	0	10427365458	10424224
SRR5247064	4431155	0	0	4430561412	4431155
ERR1726821	4550085	0	0	4549378512	4550085
SRR13427716	1358789	0	0	1357016246	1358789
SRR5248172	5440535	0	0	5437094859	5440535
ERR2752145	1638010	0	0	1636112018	1638010
ERR2843945	1810320	0	0	1809426082	1810320
ERR10101443	1094072	0	0	1092596270	1094072
SRR5788071	7171292	0	0	7170054808	7171292
SRR5248466	7943785	0	0	7947387278	7943785
ERR2752147	2523715	0	0	2524250486	2523715
ERR2092775	2063892	0	0	2064263756	2063892
ERR10048383	2504792	0	0	2504851633	2504792
SRR25013900	1509589	0	0	1509215012	1509589
SRR5198903	6102785	0	0	6105229728	6102785
ERR4691642	2679630	0	0	2679586049	2679630
SRR8451834	4181978	0	0	4180724208	4181978
SRR7053298	2657825	0	0	2655965149	2657825
SRR3989295	6554432	0	0	6551220732	6554432
ERR10101799	1170065	0	0	1169421906	1170065
SRR3984957	6885107	0	0	6883522242	6885107
SRR23086374	5152065	0	0	5153883649	5152065
ERR2762177	950943	0	0	950735524	950943
ERR2752157	859240	0	0	859521297	859240
ERR1700722	6827328	0	0	6825903850	6827328
ERR2762131	1198467	0	0	1199033653	1198467
ERR2762188	1347422	0	0	1346964975	1347422
SRR17464410	980156	0	0	979524378	980156
SRR7990527	2981194	0	0	2979782474	2981194
SRR1699659	2085221	0	0	2083851019	2085221
SRR3506419	182111	0	0	182169545	182111
ERR2752158	852209	0	0	852595903	852209
SRR8436538	6554201	0	0	6558171399	6554201
SRR2090161	4270391	0	0	4270105118	4270391
ERR5037013	3839998	0	0	3839851321	3839998
SRR12113407	6382022	0	0	6383972334	6382022
SRR13892607	2787575	0	0	2788081680	2787575
SRR3989267	5628090	0	0	5629938883	5628090
SRR26784073	2979187	0	0	2980115129	2979187
SRR23163001	1096919	0	0	1097640243	1096919
SRR5903341	1376660	0	0	1375201776	1376660
SRR7990546	2479726	0	0	2478171336	2479726
SRR12113390	8860363	0	0	8861508960	8860363
SRR3990175	4270391	0	0	4270105118	4270391
ERR2092766	2308591	0	0	2308571029	2308591
SRR7532904	73642	0	0	73702032	73642
SRR5272498	6540261	0	0	6540322859	6540261
ERR10048394	2467646	0	0	2468730413	2467646
ERR2092769	1718058	0	0	1718275992	1718058
SRR3184676	942083	0	0	941394056	942083
ERR2762161	1307356	0	0	1307429298	1307356
SRR22315509	5653213	0	0	5655691209	5653213
SRR3546781	196383	0	0	196323374	196383
SRR5249513	145164	0	0	145279328	145164
SRR6049666	2010150	0	0	2010975175	2010150
SRR26784071	4702935	0	0	4705851261	4702935
SRR9006654	5524135	0	0	5524011042	5524135
ERR1039458	3328575	0	0	3327342116	3328575
SRR3954450	5871297	0	0	5869727965	5871297
SRR13588910	464555	0	0	464696430	464555
ERR7745346	1552178	0	0	1550849577	1552178
SRR7031497	5270105	0	0	5267489408	5270105
SRR19040531	3592770	0	0	3592217956	3592770
SRR26910051	465468	0	0	465669321	465468
SRR8451819	2616552	0	0	2616220784	2616552
SRR3954451	6027520	0	0	6026086156	6027520
SRR3954454	5979178	0	0	5980203219	5979178
SRR5467261	620145	0	0	619745950	620145
SRR10168433	10159083	0	0	10159203583	10159083
SRR12113385	6970745	0	0	6965176198	6970745
SRR5215545	9923593	0	0	9926255260	9923593
SRR11673967	1271656	0	0	1272733159	1271656
SRR11195281	2581123	0	0	2579685080	2581123
SRR3954453	5240321	0	0	5240995199	5240321
SRR7985617	2486262	0	0	2484723800	2486262
SRR5468155	2630149	0	0	2628473865	2630149
SRR3989338	4999819	0	0	4999788654	4999819
SRR3970034	4687871	0	0	4685690782	4687871
ERR2092768	1723192	0	0	1722520371	1723192
SRR3990168	5689054	0	0	5690636598	5689054
ERR599112	2989497	0	0	2989249857	2989497
ERR2762122	1748611	0	0	1749270224	1748611
SRR15144437	16359542	0	0	16356022093	16359542
ERR868376	2775015	0	0	2773912072	2775015
SRR4028224	2611730	0	0	2613090713	2611730
ERR4691821	6476458	0	0	6477094608	6476458
SRR5256888	6433354	0	0	6430774207	6433354
SRR10168432	8850300	0	0	8847930841	8850300
SRR3969602	4200568	0	0	4200717162	4200568
SRR3954472	5929208	0	0	5929770489	5929208
ERR628383	397021	0	0	397206966	397021
SRR3989286	6197316	0	0	6195693682	6197316
SRR22315506	7188485	0	0	7185895320	7188485
SRR5247128	534228	0	0	535389947	534228
SRR13588954	2406246	0	0	2406711081	2406246
SRR5903385	1006384	0	0	1008482497	1006384
ERR4691647	3869543	0	0	3867503281	3869543
ERR1726677	3278138	0	0	3275978842	3278138
SRR6206236	2731917	0	0	2731445402	2731917
SRR15145663	1050852	0	0	1051179244	1050852
SRR11195292	2349073	0	0	2345581755	2349073
SRR26991412	5126030	0	0	5127994907	5126030
SRR6207163	538345	0	0	536798091	538345
SRR18595301	4182338	0	0	4181566717	4182338
ERR1726805	4274977	0	0	4277848853	4274977
SRR13588949	3979257	0	0	3981740112	3979257
SRR5945727	556334	0	0	555469073	556334
SRR17464408	1086742	0	0	1086168300	1086742
ERR2431946	5840146	0	0	5842543051	5840146
ERR1726803	4552167	0	0	4555011289	4552167
ERR10048386	2477002	0	0	2478094891	2477002
SRR4028175	3316761	0	0	3315486006	3316761
ERR2597532	4142026	0	0	4142912113	4142026
SRR22315502	4038785	0	0	4040957861	4038785
SRR5256988	6675972	0	0	6675134589	6675972
ERR10101727	740677	0	0	739606168	740677
SRR11673983	984352	0	0	984074329	984352
SRR13892594	3521565	0	0	3521717082	3521565
ERR1726819	3923718	0	0	3920612471	3923718
SRR6207736	5792831	0	0	5790623839	5792831
ERR4181790	3210088	0	0	3208747567	3210088
SRR2080393	3415066	0	0	3414387809	3415066
SRR16329112	1643007	0	0	1643599584	1643007
SRR11673969	1243205	0	0	1243072691	1243205
ERR10048377	2473635	0	0	2474341836	2473635
ERR599159	3971612	0	0	3975093142	3971612
SRR3989307	5578550	0	0	5578730752	5578550
ERR2752153	1724639	0	0	1726126646	1724639
ERR10048412	2457066	0	0	2457562940	2457066
SRR23086400	2239857	0	0	2240236878	2239857
SRR3667357	1177051	0	0	1177539056	1177051
SRR11430613	5863472	0	0	5863591828	5863472
ERR2752151	2410101	0	0	2410342168	2410101
ERR2092773	3327102	0	0	3328699057	3327102
SRR3989284	7147721	0	0	7149424542	7147721
ERR4691770	4023926	0	0	4021942997	4023926
SRR25013879	598475	0	0	599089322	598475
ERR868423	3837790	0	0	3836692306	3837790
SRR19175045	14909980	0	0	14908297775	14909980
SRR10360644	4873704	0	0	4874965460	4873704
ERR10101718	703965	0	0	703523836	703965
SRR5468152	2491804	0	0	2490369707	2491804
ERR868417	4630968	0	0	4629422231	4630968
ERR1726972	4413845	0	0	4414284850	4413845
SRR14366766	7112937	0	0	7115972535	7112937
SRR10556723	2454299	0	0	2454251979	2454299
ERR2762132	1165650	0	0	1166493319	1165650
SRR5213598	5983875	0	0	5983985747	5983875
ERR4691725	5226499	0	0	5226341180	5226499
ERR538186	4908283	0	0	4908627297	4908283
ERR1726785	3981144	0	0	3979309162	3981144
SRR5486937	615623	0	0	615258993	615623
SRR10466858	8261016	0	0	8257628533	8261016
SRR7975684	4008170	0	0	4010429347	4008170
ERR10101756	1032328	0	0	1031177480	1032328
SRR6481370	2486828	0	0	2487093166	2486828
SRR4028193	2723833	0	0	2725287027	2723833
SRR11673988	1069755	0	0	1069194477	1069755
SRR25445070	1433884	0	0	1432271744	1433884
SRR5227751	1999868	0	0	2000419258	1999868
SRR5248580	6659566	0	0	6660382911	6659566
SRR17464425	1535092	0	0	1534039927	1535092
SRR26991405	3878373	0	0	3877882293	3878373
SRR7182480	1999868	0	0	2000419258	1999868
SRR25013899	1362319	0	0	1364355818	1362319
SRR22904619	1070426	0	0	1069648818	1070426
SRR4028173	3622132	0	0	3617752960	3622132
ERR10101716	772245	0	0	770480752	772245
ERR868416	4151711	0	0	4151955117	4151711
ERR2762106	1211071	0	0	1210988544	1211071
ERR2092770	1228020	0	0	1229354086	1228020
ERR2762121	1305039	0	0	1306301127	1305039
SRR4028141	1198276	0	0	1196342940	1198276
ERR10101477	1279613	0	0	1280089865	1279613
SRR23946047	2025082	0	0	2023170806	2025082
SRR5272491	5522042	0	0	5520096408	5522042
SRR13588899	440528	0	0	441043399	440528
SRR14690711	4719273	0	0	4716772547	4719273
SRR5467259	751193	0	0	751377551	751193
ERR1726648	3143557	0	0	3144582584	3143557
SRR5249533	100518	0	0	100855531	100518
SRR13589013	455454	0	0	455756180	455454
SRR1699645	2706164	0	0	2708144660	2706164
SRR25477832	1005048	0	0	1006391186	1005048
ERR1726858	4491446	0	0	4488843745	4491446
SRR5203331	1186537	0	0	1185577335	1186537
ERR2597494	3958986	0	0	3959183332	3958986
ERR1700733	5469012	0	0	5472024066	5469012
SRR5181582	1186537	0	0	1185577335	1186537
SRR10145185	783730	0	0	784064701	783730
SRR14022785	531542	0	0	531671946	531542
SRR13588858	345749	0	0	345943852	345749
ERR5037019	3569545	0	0	3567397794	3569545
SRR2090155	4489563	0	0	4488775391	4489563
SRR5581526	7610754	0	0	7612749247	7610754
SRR5877432	2704648	0	0	2704302224	2704648
SRR17182779	1343537	0	0	1343023807	1343537
ERR4691841	3946534	0	0	3947417851	3946534
SRR7589591	1489845	0	0	1488229993	1489845
SRR1658467	725583	0	0	726471751	725583
SRR5578837	8709837	0	0	8715785767	8709837
ERR599115	3289193	0	0	3290341272	3289193
SRR11195280	2875695	0	0	2874242674	2875695
SRR13588845	439312	0	0	439178621	439312
ERR1726952	3700057	0	0	3698315679	3700057
SRR8186424	1078644	0	0	1078496125	1078644
SRR9651337	8219481	0	0	8222474709	8219481
SRR5248875	2138907	0	0	2138106333	2138907
ERR2762128	1704309	0	0	1703177180	1704309
SRR8554898	17020536	0	0	17022337809	17020536
ERR1726817	4491709	0	0	4493115645	4491709
SRR3990172	5164675	0	0	5167069240	5164675
SRR16631310	6410980	0	0	6413140347	6410980
SRR5817586	3298288	0	0	3297754142	3298288
ERR868410	4355418	0	0	4354995467	4355418
ERR1726816	3144213	0	0	3144227695	3144213
ERR1726947	3752116	0	0	3752308380	3752116
ERR2752162	2741679	0	0	2739463095	2741679
ERR868483	4147000	0	0	4144928942	4147000
SRR7975608	5748481	0	0	5744807809	5748481
SRR25232104	691650	0	0	691117190	691650
SRR13588966	458353	0	0	458934725	458353
SRR7533099	66825	0	0	66486877	66825
SRR26909986	428458	0	0	427983341	428458
ERR4691657	3505289	0	0	3503093236	3505289
ERR868427	4240356	0	0	4241198529	4240356
SRR3184677	1007362	0	0	1007502005	1007362
SRR7985395	2105699	0	0	2105334963	2105699
SRR5247073	2494471	0	0	2493687032	2494471
ERR1726644	4394263	0	0	4399225768	4394263
ERR599006	4451293	0	0	4448170033	4451293
ERR2762143	1252918	0	0	1253585883	1252918
SRR5903330	883241	0	0	883808128	883241
SRR11195277	1336442	0	0	1336629089	1336442
SRR5451450	7696510	0	0	7701160846	7696510
SRR3972141	4075623	0	0	4077398770	4075623
SRR3972149	4350038	0	0	4352013727	4350038
ERR10101693	1172053	0	0	1172335950	1172053
SRR3184648	1853141	0	0	1854611753	1853141
ERR4691745	4338170	0	0	4335360006	4338170
ERR1726561	4228843	0	0	4230168423	4228843
SRR4297032	556805	0	0	556732894	556805
SRR6207170	1187742	0	0	1187836110	1187742
ERR2762127	944726	0	0	943735603	944726
SRR21418661	1970860	0	0	1969595767	1970860
ERR10101752	1188150	0	0	1185586800	1188150
ERR12047046	7878342	0	0	7883164593	7878342
ERR868371	4008532	0	0	4008354470	4008532
ERR4691598	3148108	0	0	3149189767	3148108
SRR25571697	1706096	0	0	1704656896	1706096
ERR599086	3338796	0	0	3339848058	3338796
SRR17182825	1327402	0	0	1326400354	1327402
SRR496755	1749047	0	0	1748735330	1749047
SRR25448135	1984927	0	0	1983586274	1984927
SRR3969907	4161664	0	0	4160607857	4161664
SRR11195282	1551956	0	0	1551157101	1551956
SRR6011893	1815029	0	0	1814712300	1815029
ERR10101793	1166474	0	0	1165845482	1166474
SRR6220868	463368	0	0	462271504	463368
ERR1078382	2117863	0	0	2120499510	2117863
SRR770018	1351301	0	0	1351249008	1351301
SRR6269135	6527169	0	0	6529720791	6527169
SRR3723048	478036	0	0	477418015	478036
SRR23946009	2191827	0	0	2190571895	2191827
SRR7638773	2933646	0	0	2934024737	2933646
ERR3589572	1661443	0	0	1664396800	1661443
SRR22315508	5612496	0	0	5605859087	5612496
ERR1726943	2651463	0	0	2650144011	2651463
ERR1051325	4920428	0	0	4922431993	4920428
SRR23924963	2237129	0	0	2234992078	2237129
SRR5204267	5169647	0	0	5169183237	5169647
ERR868381	3151505	0	0	3153057935	3151505
SRR5451451	6864003	0	0	6871140495	6864003
SRR6185503	8336184	0	0	8336012904	8336184
SRR23086395	5103523	0	0	5102916136	5103523
SRR13254584	1219646	0	0	1220130293	1219646
ERR4691822	3867335	0	0	3864829867	3867335
SRR1699595	2190918	0	0	2190307969	2190918
SRR9640574	1177001	0	0	1178367143	1177001
SRR5903382	830928	0	0	831006344	830928
SRR5247130	4855856	0	0	4856755216	4855856
SRR21704971	864123	0	0	864222721	864123
ERR10101695	672907	0	0	672649663	672907
ERR868415	3855854	0	0	3858170913	3855854
SRR25119187	2968546	0	0	2967392352	2968546
ERR2752155	2144584	0	0	2143406853	2144584
SRR4028131	1675029	0	0	1673552292	1675029
ERR1726906	4546570	0	0	4545804479	4546570
ERR5037015	2358949	0	0	2358567801	2358949
ERR1726621	5173604	0	0	5176674607	5173604
SRR3989262	5079131	0	0	5081111466	5079131
ERR2762145	1549143	0	0	1548457663	1549143
SRR5272489	5561135	0	0	5559014373	5561135
SRR3989430	5366822	0	0	5367342437	5366822
SRR22103696	447597	0	0	447855204	447597
ERR2752148	1723915	0	0	1723180980	1723915
SRR16631312	6299497	0	0	6299751029	6299497
ERR2762163	1211299	0	0	1209431341	1211299
SRR5247211	906459	0	0	905180962	906459
SRR14005096	10204530	0	0	10208764703	10204530
ERR3589571	2101766	0	0	2100563021	2101766
ERR10101478	933787	0	0	933692995	933787
ERR688347	4699769	0	0	4703144309	4699769
SRR21856588	10245840	0	0	10250127409	10245840
ERR1726573	4165856	0	0	4165317499	4165856
SRR16329006	1277383	0	0	1276564177	1277383
ERR11673531	2624711	0	0	2625330102	2624711
SRR5903357	904253	0	0	905676086	904253
ERR2752160	2017045	0	0	2017086611	2017045
ERR10101723	952501	0	0	952282993	952501
ERR538184	3878476	0	0	3875632418	3878476
SRR5486931	571965	0	0	571859264	571965
SRR5451458	7895106	0	0	7895808289	7895106
SRR2090157	4394782	0	0	4393709342	4394782
SRR9663119	8322146	0	0	8327076440	8322146
SRR20652313	3354266	0	0	3356149429	3354266
SRR16631311	6576383	0	0	6578813188	6576383
SRR16971104	5834939	0	0	5836118218	5834939
ERR10493269	580784	0	0	581341762	580784
ERR1726898	2808539	0	0	2805457289	2808539
SRR5582993	7555977	0	0	7554593541	7555977
ERR2843946	1609798	0	0	1610249733	1609798
SRR10168429	9175603	0	0	9180620949	9175603
ERR2762116	1425696	0	0	1426738436	1425696
ERR10101786	1028134	0	0	1025819842	1028134
SRR16329060	1481129	0	0	1482246856	1481129
SRR6448207	4251431	0	0	4251287831	4251431
SRR17464423	1303690	0	0	1302700390	1303690
SRR12605076	7538323	0	0	7541075880	7538323
ERR2762125	954876	0	0	954881068	954876
ERR10101497	1180345	0	0	1179171092	1180345
SRR7130796	693410	0	0	693301805	693410
ERR8478830	1057621	0	0	1057035455	1057621
SRR13588857	471407	0	0	471763881	471407
SRR7589592	1707240	0	0	1706088789	1707240
ERR868429	4731948	0	0	4732118556	4731948
ERR4691748	4301862	0	0	4301983533	4301862
SRR5903352	1124954	0	0	1125446874	1124954
ERR1726704	2731642	0	0	2727654919	2731642
SRR21856590	9926726	0	0	9926668347	9926726
SRR5451585	6813512	0	0	6814882183	6813512
ERR598957	4051887	0	0	4050562636	4051887
SRR15058747	3573258	0	0	3575222669	3573258
SRR7976076	7944028	0	0	7944011601	7944028
SRR5248520	6431449	0	0	6434184818	6431449
SRR5583254	8715113	0	0	8719602340	8715113
ERR4691742	3921836	0	0	3922671364	3921836
SRR5204266	5080089	0	0	5081422944	5080089
SRR10556728	3010661	0	0	3007106518	3010661
SRR5508097	8616376	0	0	8614039977	8616376
SRR26425201	6448954	0	0	6448468161	6448954
ERR3589556	2240393	0	0	2238819184	2240393
ERR2752159	2045570	0	0	2042577243	2045570
ERR868497	4031727	0	0	4028701025	4031727
SRR5576206	8128913	0	0	8131646590	8128913
SRR17182818	1198521	0	0	1197421740	1198521
ERR3525316	2149185	0	0	2149351626	2149185
ERR2762147	1229733	0	0	1229627292	1229733
ERR10101496	1222767	0	0	1221988846	1222767
SRR13589014	255395	0	0	255280027	255395
SRR9003212	10461156	0	0	10456902383	10461156
ERR868493	4223507	0	0	4227975393	4223507
ERR1726707	4004987	0	0	4007567239	4004987
ERR868421	4909570	0	0	4911028485	4909570
ERR1726954	4461476	0	0	4461872443	4461476
SRR8191144	7532030	0	0	7529704013	7532030
SRR17464406	1193312	0	0	1192273539	1193312
SRR6056557	7759114	0	0	7766058017	7759114
SRR6201526	3267977	0	0	3267889177	3267977
ERR10101791	1015139	0	0	1015185389	1015139
ERR2752154	2000903	0	0	2000247176	2000903
ERR2752143	899238	0	0	898396037	899238
SRR23962324	583821	0	0	582967266	583821
SRR9182857	2682349	0	0	2681794073	2682349
ERR4691632	2827179	0	0	2826795174	2827179
SRR11195287	2794077	0	0	2791768821	2794077
SRR8302209	6262471	0	0	6261318250	6262471
SRR26421362	13230120	0	0	13228014060	13230120
ERR10479404	6986842	0	0	6988026628	6986842
ERR594331	2765935	0	0	2764421185	2765935
SRR13588965	479650	0	0	480790757	479650
ERR2843947	1377538	0	0	1376917743	1377538
SRR13892598	3440190	0	0	3439296595	3440190
ERR598980	3545649	0	0	3546206169	3545649
ERR4691783	4048261	0	0	4049387891	4048261
ERR1726730	3146413	0	0	3151015769	3146413
SRR5506998	8654830	0	0	8653361599	8654830
SRR3988264	4519018	0	0	4520400359	4519018
ERR10101389	808183	0	0	808173887	808183
ERR1726576	3591231	0	0	3589472090	3591231
ERR10101733	589176	0	0	588463145	589176
SRR13892593	4755632	0	0	4756343815	4755632
ERR688354	4436465	0	0	4433413383	4436465
SRR2046238	1015558	0	0	1015803636	1015558
ERR1726545	3316921	0	0	3316295411	3316921
SRR17464415	1174999	0	0	1174725787	1174999
ERR10101708	505832	0	0	506198653	505832
ERR4691736	2918698	0	0	2916349592	2918698
SRR5963394	465491	0	0	466093332	465491
SRR23814904	3480785	0	0	3477622138	3480785
ERR1022686	2932703	0	0	2933488029	2932703
SRR6220867	653756	0	0	652873588	653756
ERR599101	4755649	0	0	4753340687	4755649
ERR3761213	6011147	0	0	6014794544	6011147
ERR599121	1860171	0	0	1859379718	1860171
ERR599300	2655450	0	0	2654274637	2655450
SRR5963397	439911	0	0	439849420	439911
SRR6185295	7976569	0	0	7980647480	7976569
SRR21856587	9294811	0	0	9292860445	9294811
ERR1726793	2795310	0	0	2793884058	2795310
SRR7031455	4608978	0	0	4606868227	4608978
ERR2752156	831601	0	0	832075450	831601
SRR5903358	1131547	0	0	1131818171	1131547
ERR1726701	2768067	0	0	2764854220	2768067
ERR4691635	2666120	0	0	2664484066	2666120
SRR13892596	2624914	0	0	2625410884	2624914
ERR10101419	1288091	0	0	1286178385	1288091
ERR688356	13739524	0	0	13738229488	13739524
SRR7042370	4861356	0	0	4860831321	4861356
ERR598954	3494903	0	0	3496143139	3494903
ERR598964	3438400	0	0	3435223354	3438400
ERR3094543	380755	0	0	381351405	380755
ERR594310	3063808	0	0	3061751530	3063808
ERR1726867	4867383	0	0	4868941310	4867383
ERR11473864	1389189	0	0	1387463481	1389189
ERR868394	3889914	0	0	3889813596	3889914
ERR1726823	3434076	0	0	3434356076	3434076
SRR5215140	3278526	0	0	3279002383	3278526
SRR5903384	786092	0	0	786394356	786092
SRR10143176	14165708	0	0	14164496517	14165708
ERR1726706	3251042	0	0	3248084211	3251042
ERR868501	4378171	0	0	4376814840	4378171
SRR23593145	3117679	0	0	3117775588	3117679
ERR10101794	1019988	0	0	1018662619	1019988
SRR25232106	511183	0	0	511620269	511183
SRR16329020	1553981	0	0	1551994972	1553981
SRR13588883	662861	0	0	662434793	662861
ERR2762158	1168814	0	0	1169482314	1168814
SRR5903331	1091700	0	0	1091015665	1091700
ERR1726851	3885850	0	0	3887970191	3885850
ERR688352	3801369	0	0	3800740467	3801369
SRR26421365	11050117	0	0	11049575858	11050117
ERR1726859	3257548	0	0	3256213569	3257548
SRR9640579	924307	0	0	926097841	924307
SRR8561390	3503655	0	0	3502196835	3503655
ERR2752149	1821548	0	0	1819678127	1821548
SRR3309152	2494921	0	0	2495456978	2494921
SRR6261447	1780091	0	0	1780254265	1780091
SRR5208700	3377278	0	0	3377550201	3377278
ERR3200804	4038311	0	0	4034197590	4038311
ERR2762136	1286931	0	0	1289745958	1286931
ERR1726854	2521053	0	0	2520156188	2521053
SRR9617900	9107586	0	0	9112849498	9107586
SRR3901698	961289	0	0	961283573	961289
ERR1726721	5977658	0	0	5978702848	5977658
ERR10905741	1461681	0	0	1460511236	1461681
ERR868354	4100197	0	0	4100459227	4100197
SRR5208699	3424745	0	0	3423304751	3424745
ERR4691690	3083038	0	0	3080739438	3083038
SRR3989283	6221712	0	0	6224151972	6221712
SRR10916926	790220	0	0	789594136	790220
ERR3094549	365280	0	0	365046329	365280
SRR7031456	4512257	0	0	4512745035	4512257
SRR5903364	1194146	0	0	1193829257	1194146
ERR594339	2438309	0	0	2435423662	2438309
SRR21856589	9342408	0	0	9344002363	9342408
ERR4691865	2626401	0	0	2627713465	2626401
SRR13588976	187089	0	0	186756873	187089
SRR12326202	1650988	0	0	1652924896	1650988
ERR1726636	2940448	0	0	2940301429	2940448
SRR6962291	4571566	0	0	4572115052	4571566
ERR1726617	3560666	0	0	3561253029	3560666
ERR4691779	3001189	0	0	3000632679	3001189
SRR5819968	4294003	0	0	4290678569	4294003
ERR1022687	3164136	0	0	3162604029	3164136
SRR5581483	4694863	0	0	4697906029	4694863
SRR23814900	3545423	0	0	3543661793	3545423
ERR599071	3423584	0	0	3423970803	3423584
SRR7976078	6533269	0	0	6535219237	6533269
ERR868375	3999008	0	0	4001811911	3999008
SRR3184554	1771286	0	0	1771529962	1771286
ERR1726778	3077115	0	0	3075903979	3077115
ERR10101740	1221994	0	0	1222328766	1221994
SRR23162922	1728452	0	0	1727994381	1728452
ERR3589578	1974182	0	0	1972752462	1974182
ERR10048371	2437708	0	0	2438318789	2437708
SRR21875704	14223442	0	0	14223649143	14223442
ERR4691785	4236918	0	0	4233752658	4236918
SRR13892600	4087897	0	0	4085734193	4087897
SRR16328998	1660221	0	0	1661415612	1660221
SRR11673981	1049252	0	0	1050028335	1049252
ERR598967	2266347	0	0	2264525612	2266347
ERR598960	3489852	0	0	3488919883	3489852
SRR14022784	464181	0	0	463931656	464181
SRR20652312	3254437	0	0	3254200739	3254437
SRR16329101	1420229	0	0	1422462378	1420229
ERR599122	2085931	0	0	2087016289	2085931
ERR3589554	1549741	0	0	1550600237	1549741
SRR5903343	1092309	0	0	1092456808	1092309
SRR2046237	1791286	0	0	1792190714	1791286
ERR3589592	2155295	0	0	2154632938	2155295
SRR6957165	3762752	0	0	3762848327	3762752
ERR868402	3764323	0	0	3763988890	3764323
ERR1726917	3577636	0	0	3578643192	3577636
ERR1726787	3525263	0	0	3525256744	3525263
ERR10101494	1653981	0	0	1651823759	1653981
ERR10921445	4519096	0	0	4520281085	4519096
ERR4691824	2369581	0	0	2366607732	2369581
ERR868451	3679571	0	0	3679905408	3679571
SRR5215473	7490103	0	0	7484591412	7490103
ERR868347	4224578	0	0	4224410350	4224578
SRR5247217	749892	0	0	750311299	749892
SRR7812697	2641039	0	0	2641765803	2641039
SRR5456970	6857502	0	0	6865365516	6857502
SRR6185512	7061830	0	0	7056947625	7061830
ERR599059	2238231	0	0	2237844839	2238231
ERR599087	3236980	0	0	3234787679	3236980
SRR13892591	5723090	0	0	5723274617	5723090
SRR11719878	7669086	0	0	7673010928	7669086
SRR5371497	4749175	0	0	4747946805	4749175
SRR13002032	2640255	0	0	2643827667	2640255
SRR14366769	7983370	0	0	7984956946	7983370
SRR5460690	7148431	0	0	7147165380	7148431
ERR688355	4983225	0	0	4979652000	4983225
ERR868444	4250643	0	0	4250247069	4250643
ERR4691851	3530743	0	0	3528416920	3530743
ERR1726779	4019569	0	0	4022615519	4019569
SRR11195291	2876871	0	0	2876246664	2876871
ERR1726869	4410991	0	0	4411186229	4410991
ERR868448	4036982	0	0	4037156542	4036982
ERR1726822	2283027	0	0	2284280703	2283027
ERR2762155	1125585	0	0	1126332435	1125585
ERR1726637	3300454	0	0	3298824931	3300454
SRR943338	322400	0	0	322854638	322400
SRR13892603	7715329	0	0	7719904944	7715329
ERR599020	3494345	0	0	3493125012	3494345
ERR4691853	4035431	0	0	4036738403	4035431
SRR10168430	10111487	0	0	10113463485	10111487
SRR15436232	1002716	0	0	1004305496	1002716
SRR16329011	1459000	0	0	1459928479	1459000
ERR2762171	1397495	0	0	1397877403	1397495
SRR5903344	1217065	0	0	1216762602	1217065
SRR6958482	8367936	0	0	8369803201	8367936
ERR599130	2528801	0	0	2529656610	2528801
ERR7477292	1110602	0	0	1109118240	1110602
ERR868509	3771958	0	0	3773288695	3771958
SRR10168434	10161344	0	0	10163627477	10161344
ERR4691720	4155294	0	0	4154100443	4155294
SRR6206332	4279319	0	0	4275379816	4279319
SRR6185312	6891675	0	0	6890221760	6891675
SRR13588888	414505	0	0	414326042	414505
SRR5903347	1032487	0	0	1031898453	1032487
SRR7532901	158678	0	0	158825363	158678
SRR2917897	1477740	0	0	1478148341	1477740
ERR1726695	3394598	0	0	3396000021	3394598
SRR6056553	1973353	0	0	1972942890	1973353
ERR599074	2981369	0	0	2982469854	2981369
ERR2847227	1465316	0	0	1465736446	1465316
ERR2762135	1654750	0	0	1655161117	1654750
SRR2124832	3326834	0	0	3325949930	3326834
SRR27143247	1854981	0	0	1854998723	1854981
ERR7745291	1631730	0	0	1629428859	1631730
ERR10101792	958032	0	0	957985356	958032
SRR3184553	1516911	0	0	1517671732	1516911
SRR6056554	7936099	0	0	7939405083	7936099
SRR5456787	7117033	0	0	7117592232	7117033
SRR13318503	552154	0	0	551919626	552154
SRR1506987	1375014	0	0	1376822521	1375014
ERR1726835	3410057	0	0	3407593455	3410057
SRR6184671	7846848	0	0	7847148881	7846848
ERR1726723	3723097	0	0	3722360279	3723097
ERR9963777	3799641	0	0	3800157101	3799641
SRR1699478	2310570	0	0	2308498093	2310570
SRR6056503	6653773	0	0	6654371587	6653773
SRR23086392	5387590	0	0	5392197468	5387590
SRR20652311	3262406	0	0	3264010801	3262406
ERR3525319	3917683	0	0	3919554021	3917683
SRR6463005	2507667	0	0	2508609282	2507667
ERR1726674	5222307	0	0	5223980079	5222307
ERR599280	4773380	0	0	4773189465	4773380
ERR1726581	3686179	0	0	3685366111	3686179
ERR688351	3638101	0	0	3636804518	3638101
SRR7589589	1208761	0	0	1208619662	1208761
SRR26046407	10172389	0	0	10169122485	10172389
SRR9302962	5283615	0	0	5289009533	5283615
ERR598986	3394019	0	0	3393903789	3394019
SRR5689906	7704377	0	0	7702374241	7704377
SRR7533091	123727	0	0	123292918	123727
ERR1726894	3235669	0	0	3237402921	3235669
ERR4691842	3343491	0	0	3343883386	3343491
SRR17182826	1181479	0	0	1179724804	1181479
SRR13312976	5461224	0	0	5458988609	5461224
SRR18682791	4995301	0	0	4997106423	4995301
SRR5584873	8293968	0	0	8290371094	8293968
SRR6031142	788533	0	0	787947307	788533
SRR5585388	7545950	0	0	7545182078	7545950
ERR1726818	2603222	0	0	2604217555	2603222
SRR5456973	7006512	0	0	7007430895	7006512
SRR17464449	1252888	0	0	1251490261	1252888
SRR13589011	2840905	0	0	2839886518	2840905
SRR5903386	881334	0	0	882134192	881334
SRR1297186	409952	0	0	409025823	409952
ERR10101706	780726	0	0	779726291	780726
ERR7739005	1614862	0	0	1614565300	1614862
SRR17464413	1033423	0	0	1032626464	1033423
ERR9585962	3638604	0	0	3636731151	3638604
SRR11781636	1075226	0	0	1075189058	1075226
SRR13892597	3392456	0	0	3390157326	3392456
SRR5456737	6900887	0	0	6906313394	6900887
SRR6056506	7166957	0	0	7173188532	7166957
SRR5247223	395981	0	0	397000076	395981
SRR13892605	7561797	0	0	7559301583	7561797
SRR11673982	909777	0	0	909534584	909777
SRR5456965	7749150	0	0	7750312566	7749150
SRR2048519	1386653	0	0	1387178803	1386653
SRR12660649	10403434	0	0	10404038829	10403434
SRR16329024	1441605	0	0	1441850197	1441605
SRR11195278	2665779	0	0	2664200643	2665779
SRR13892589	6560184	0	0	6557492893	6560184
ERR4691630	2732262	0	0	2732000763	2732262
ERR7500099	904663	0	0	906214602	904663
ERR868494	3927534	0	0	3929813576	3927534
ERR1679394	2425976	0	0	2426997170	2425976
ERR10101734	839373	0	0	839074014	839373
SRR5509277	8086326	0	0	8083960854	8086326
ERR1726719	4178400	0	0	4179581365	4178400
ERR10101781	843856	0	0	842614731	843856
ERR2762141	1243902	0	0	1242529850	1243902
SRR19040528	4278018	0	0	4279721973	4278018
ERR594347	2736758	0	0	2737562627	2736758
SRR497655	518270	0	0	517522014	518270
SRR8554511	6017956	0	0	6021270013	6017956
ERR4691724	3840094	0	0	3843133601	3840094
ERR594349	3243464	0	0	3242415846	3243464
ERR599001	3368636	0	0	3366379005	3368636
SRR26991454	2130423	0	0	2129232275	2130423
SRR13892585	6602370	0	0	6602563221	6602370
ERR4691677	3059437	0	0	3057216953	3059437
ERR2431947	4479230	0	0	4478749192	4479230
SRR5903340	1095069	0	0	1095667497	1095069
SRR16329119	1427790	0	0	1428225140	1427790
SRR13588999	2040589	0	0	2042265807	2040589
SRR943776	307672	0	0	308610990	307672
SRR6197866	3022353	0	0	3022222044	3022353
ERR868405	5009984	0	0	5008303664	5009984
SRR12731286	1896895	0	0	1898036128	1896895
ERR1904476	754303	0	0	754301974	754303
SRR26992862	7692692	0	0	7694117355	7692692
ERR4691637	2590033	0	0	2592612603	2590033
SRR16329017	1165815	0	0	1165402150	1165815
ERR4691744	3333012	0	0	3331880902	3333012
ERR1726693	3413607	0	0	3413015983	3413607
ERR599148	3664186	0	0	3662660413	3664186
ERR868512	3368868	0	0	3370337624	3368868
SRR8558721	11619643	0	0	11619446379	11619643
ERR1726558	3076332	0	0	3076485973	3076332
ERR1726600	4235435	0	0	4238828405	4235435
SRR5507163	7744780	0	0	7748828354	7744780
SRR26991416	6912004	0	0	6912311415	6912004
SRR3577362	2118382	0	0	2118961481	2118382
SRR23300979	3615035	0	0	3615580361	3615035
SRR6220664	5732138	0	0	5733207428	5732138
SRR21607485	4987123	0	0	4990533057	4987123
SRR5903362	1001058	0	0	1001200512	1001058
SRR16915464	12308735	0	0	12306661662	12308735
SRR13892599	4606398	0	0	4608216205	4606398
SRR23692423	2030827	0	0	2031203242	2030827
ERR2762165	1153676	0	0	1154086454	1153676
ERR1726659	4883034	0	0	4878021845	4883034
SRR13892595	5744868	0	0	5744400189	5744868
SRR7032240	4598973	0	0	4596515369	4598973
ERR4691741	3731185	0	0	3731246999	3731185
ERR598989	3009114	0	0	3008573773	3009114
SRR12605113	6388171	0	0	6388013991	6388171
SRR9651192	6911699	0	0	6915419466	6911699
SRR13892601	6153926	0	0	6149530556	6153926
SRR5903322	1232479	0	0	1231800877	1232479
SRR7094834	6396191	0	0	6393697609	6396191
ERR4691683	2774207	0	0	2773675623	2774207
SRR943335	349033	0	0	349529786	349033
SRR16329021	1375732	0	0	1375783036	1375732
ERR1726748	3728914	0	0	3729043633	3728914
SRR6056504	7374531	0	0	7378064356	7374531
SRR17182775	1174717	0	0	1172782643	1174717
ERR4691694	2767523	0	0	2767660367	2767523
SRR12316205	3026761	0	0	3028763319	3026761
ERR1726842	3296802	0	0	3294772274	3296802
ERR4691651	2629825	0	0	2628881668	2629825
ERR599315	2842600	0	0	2841364967	2842600
ERR4691793	5528358	0	0	5530335027	5528358
ERR1726528	4182068	0	0	4183872015	4182068
SRR5456967	6445890	0	0	6446323643	6445890
SRR14573572	8777020	0	0	8778393455	8777020
SRR13061014	1155726	0	0	1152982293	1155726
SRR7589581	1151342	0	0	1150024147	1151342
ERR3589559	1541363	0	0	1543367116	1541363
SRR11088415	5443135	0	0	5440222130	5443135
ERR3997377	4771358	0	0	4774771564	4771358
ERR1606219	7868957	0	0	7865194108	7868957
ERR599251	2764504	0	0	2762399533	2764504
ERR3525315	2697518	0	0	2697045914	2697518
ERR2431952	3538271	0	0	3539496997	3538271
DRR333389	1590733	0	0	1591861093	1590733
ERR599156	2949987	0	0	2949395026	2949987
ERR1726524	2737960	0	0	2735718197	2737960
SRR5451700	6877836	0	0	6880933111	6877836
ERR598961	3274059	0	0	3273092856	3274059
SRR5456946	7532429	0	0	7537371314	7532429
SRR26991453	5569194	0	0	5570703484	5569194
ERR1726884	4451822	0	0	4453900430	4451822
ERR10101780	830113	0	0	829938977	830113
ERR599082	2655012	0	0	2654520051	2655012
SRR5903363	1033148	0	0	1034072671	1033148
SRR6201524	2969905	0	0	2970821483	2969905
ERR7738938	1228632	0	0	1228528660	1228632
ERR1726628	2498702	0	0	2497972017	2498702
ERR1726594	4134557	0	0	4135962802	4134557
SRR8863765	826529	0	0	827222684	826529
SRR16329034	1498684	0	0	1498373859	1498684
SRR5903377	833938	0	0	833231075	833938
ERR868463	4157130	0	0	4159612633	4157130
SRR7032241	4178531	0	0	4175308304	4178531
ERR594326	2300586	0	0	2301917074	2300586
ERR599289	2826153	0	0	2822385002	2826153
ERR3589560	3129221	0	0	3127283028	3129221
SRR5507178	7653908	0	0	7657524633	7653908
ERR10101719	562994	0	0	561551916	562994
SRR21545383	4855025	0	0	4858634448	4855025
ERR1726912	2137164	0	0	2138073950	2137164
SRR5903348	1064684	0	0	1065309057	1064684
SRR12660648	11177538	0	0	11175787912	11177538
SRR6958124	5848274	0	0	5848004040	5848274
SRR11472089	867511	0	0	866771073	867511
SRR5215206	4464873	0	0	4461729247	4464873
ERR1078383	1780488	0	0	1783011244	1780488
ERR2847221	959772	0	0	960120859	959772
SRR5456985	6950443	0	0	6951651313	6950443
ERR1726878	3021030	0	0	3018066533	3021030
SRR13318518	569934	0	0	570409276	569934
SRR16329057	1452772	0	0	1451315253	1452772
SRR16329064	1382693	0	0	1382876857	1382693
DRR045397	2415166	0	0	2412986321	2415166
SRR9302960	3267160	0	0	3267907320	3267160
SRR16329113	1360778	0	0	1361668992	1360778
SRR13892588	6922645	0	0	6920683293	6922645
ERR4691737	3343405	0	0	3341678492	3343405
SRR7093038	6244057	0	0	6241876821	6244057
ERR868372	3578383	0	0	3578370502	3578383
SRR13892602	7492793	0	0	7492894748	7492793
SRR25232105	643078	0	0	643391020	643078
ERR2762153	1158448	0	0	1158850154	1158448
ERR4691791	3024354	0	0	3022791660	3024354
ERR599334	2770869	0	0	2771730177	2770869
ERR868378	2832174	0	0	2831809237	2832174
ERR1726759	3327947	0	0	3329278667	3327947
ERR4691640	2757951	0	0	2756476254	2757951
SRR16329104	1316242	0	0	1319139712	1316242
ERR1726934	2487577	0	0	2489140098	2487577
ERR868454	3239651	0	0	3242564271	3239651
SRR23924734	2507183	0	0	2507207091	2507183
ERR4691597	3343172	0	0	3343426224	3343172
SRR25885111	756817	0	0	756734632	756817
SRR26457359	11841617	0	0	11836135792	11841617
SRR21607486	4439341	0	0	4438137985	4439341
ERR868431	4083533	0	0	4083799198	4083533
SRR11781661	1109237	0	0	1108641065	1109237
SRR5456703	7184941	0	0	7183966925	7184941
ERR4691612	2529767	0	0	2531321663	2529767
SRR16329121	1481313	0	0	1481091986	1481313
ERR868351	3164592	0	0	3163582744	3164592
ERR1078379	2225470	0	0	2226053854	2225470
SRR13588964	418965	0	0	419360659	418965
ERR1726885	3618659	0	0	3619657903	3618659
ERR10101797	1249125	0	0	1248870892	1249125
SRR13061013	779728	0	0	777441439	779728
ERR1726616	3886313	0	0	3887045580	3886313
SRR12611921	2932799	0	0	2930813910	2932799
SRR13318504	666095	0	0	667102103	666095
ERR5863203	7127364	0	0	7122107659	7127364
ERR10101701	803951	0	0	803634837	803951
SRR16329049	1369451	0	0	1368041611	1369451
ERR598996	3187264	0	0	3183506173	3187264
SRR10143164	11194701	0	0	11193739105	11194701
SRR5903356	976794	0	0	976289302	976794
SRR21411845	1196643	0	0	1197752777	1196643
SRR16329022	1495517	0	0	1498160709	1495517
SRR6011892	1285744	0	0	1282156707	1285744
ERR599274	2781469	0	0	2780053479	2781469
SRR17913200	1158737	0	0	1159128732	1158737
SRR16329028	1235453	0	0	1236787037	1235453
SRR7532966	69259	0	0	68977257	69259
SRR16329056	1494719	0	0	1495490968	1494719
SRR9008719	7776257	0	0	7775731167	7776257
ERR1726655	3145100	0	0	3144963797	3145100
SRR8191145	6963844	0	0	6964875801	6963844
ERR599233	2695206	0	0	2692896596	2695206
ERR1726974	2727709	0	0	2728353496	2727709
SRR17182835	2125093	0	0	2122473728	2125093
SRR2046235	2566502	0	0	2568150934	2566502
SRR7032251	4731238	0	0	4727434619	4731238
SRR22904579	968985	0	0	969019438	968985
SRR5451810	7304117	0	0	7300543923	7304117
SRR23814901	2689161	0	0	2690401468	2689161
SRR21607484	4729887	0	0	4732801285	4729887
SRR5456987	6860934	0	0	6855971455	6860934
ERR1726750	4916512	0	0	4916472050	4916512
ERR5037011	3059025	0	0	3058606334	3059025
SRR5451590	7351336	0	0	7354059436	7351336
SRR6924042	1261727	0	0	1261842225	1261727
ERR868346	3335570	0	0	3335315788	3335570
ERR868384	3654437	0	0	3655817148	3654437
ERR7745335	2052525	0	0	2051202504	2052525
SRR5678814	8923514	0	0	8933240614	8923514
ERR1726638	2728213	0	0	2729796950	2728213
SRR6181342	7734846	0	0	7735965237	7734846
SRR11869874	457257	0	0	457171590	457257
SRR11430612	6480684	0	0	6481685960	6480684
ERR1726962	3196777	0	0	3195338218	3196777
ERR599237	4151114	0	0	4150316824	4151114
SRR9199084	2608176	0	0	2608571402	2608176
ERR1679395	2991629	0	0	2991432208	2991629
SRR1917251	422641	0	0	422542739	422641
ERR1726963	3996002	0	0	3995755194	3996002
ERR599252	2643404	0	0	2642675021	2643404
SRR21498851	2856046	0	0	2860173307	2856046
ERR7564479	1002249	0	0	1002446601	1002249
ERR1726679	3144293	0	0	3140994371	3144293
SRR5215144	3003578	0	0	3004023417	3003578
SRR5819969	3775085	0	0	3773927246	3775085
SRR11893115	3759424	0	0	3761530289	3759424
ERR10101495	1080660	0	0	1080997583	1080660
SRR3732368	207135	0	0	207901622	207135
SRR5215471	7684218	0	0	7684597829	7684218
ERR4691656	2744208	0	0	2744207113	2744208
ERR598963	3530991	0	0	3528760304	3530991
SRR11195279	1654792	0	0	1656292306	1654792
ERR12084899	3818120	0	0	3819585840	3818120
SRR13588890	2475693	0	0	2476395848	2475693
ERR4691784	3481148	0	0	3480660300	3481148
ERR1726725	3324183	0	0	3325523023	3324183
SRR7093795	6426881	0	0	6426824707	6426881
SRR5456958	7227089	0	0	7231689765	7227089
SRR5574262	7152616	0	0	7156334262	7152616
ERR10101745	726626	0	0	726733395	726626
ERR598984	3224382	0	0	3223165565	3224382
ERR868488	2543156	0	0	2541492728	2543156
SRR364040	452092	0	0	452173610	452092
SRR10512955	4404916	0	0	4401736299	4404916
SRR16329005	1393680	0	0	1393337342	1393680
SRR5903380	749056	0	0	748316603	749056
SRR5963387	357799	0	0	356454288	357799
SRR8871950	837487	0	0	837329691	837487
ERR1726604	3548560	0	0	3546661259	3548560
ERR2597482	3811093	0	0	3808190522	3811093
ERR4691817	3214838	0	0	3216196344	3214838
ERR1726799	2553846	0	0	2555216620	2553846
ERR594323	2778177	0	0	2774420242	2778177
ERR1726635	3144732	0	0	3145272468	3144732
SRR11673971	1063568	0	0	1061713201	1063568
SRR5820365	4955347	0	0	4956691910	4955347
ERR4691846	3029651	0	0	3029921225	3029651
SRR13588897	1825051	0	0	1827536712	1825051
ERR2847166	1004331	0	0	1003484364	1004331
ERR1726798	2569435	0	0	2569905136	2569435
SRR13061019	994659	0	0	993874412	994659
SRR5456975	5733966	0	0	5732611652	5733966
ERR1726757	3508794	0	0	3507019116	3508794
SRR16329106	1381408	0	0	1381567387	1381408
ERR12084907	5012726	0	0	5016719455	5012726
SRR12358723	7992880	0	0	7993610811	7992880
ERR1726598	2984464	0	0	2984939597	2984464
SRR5371493	4003777	0	0	4001363583	4003777
ERR1726832	2709104	0	0	2709440186	2709104
ERR2752161	1906003	0	0	1906566215	1906003
SRR16329039	1258004	0	0	1257456033	1258004
SRR21116725	273434	0	0	273979405	273434
ERR3094545	511038	0	0	511564002	511038
ERR599058	2575508	0	0	2577615726	2575508
ERR3525317	3772750	0	0	3770247270	3772750
ERR2762148	894812	0	0	894527425	894812
ERR10101776	946881	0	0	946739370	946881
ERR1726738	3216307	0	0	3219304195	3216307
ERR1726631	2991524	0	0	2989459774	2991524
SRR5456800	6698159	0	0	6703199240	6698159
ERR868418	3469169	0	0	3471136940	3469169
SRR13588980	531475	0	0	531215145	531475
SRR5208770	1949705	0	0	1949050002	1949705
SRR7532898	51075	0	0	51253668	51075
ERR8196495	1009742	0	0	1009457209	1009742
SRR13588961	491928	0	0	491187417	491928
ERR3200807	771701	0	0	771891986	771701
SRR6197933	3076831	0	0	3076935580	3076831
SRR26457610	11090524	0	0	11085054270	11090524
ERR10101710	422579	0	0	422236847	422579
SRR6197934	3076831	0	0	3076935580	3076831
SRR7533048	50183	0	0	50096371	50183
ERR4691716	4529451	0	0	4531864612	4529451
ERR599166	2752679	0	0	2752824980	2752679
ERR594329	2851588	0	0	2851029373	2851588
SRR9302961	4588842	0	0	4588556578	4588842
ERR2847210	2238280	0	0	2237993937	2238280
ERR7500108	669034	0	0	669196637	669034
SRR24010766	12350086	0	0	12346649039	12350086
SRR7130818	688393	0	0	687965616	688393
ERR1726897	2531117	0	0	2530337103	2531117
SRR25779737	4206107	0	0	4206172051	4206107
ERR1726830	4007697	0	0	4005723492	4007697
SRR23814902	3375089	0	0	3373477515	3375089
SRR5215470	6831906	0	0	6833025016	6831906
ERR868419	3448782	0	0	3449860394	3448782
ERR2752163	2403343	0	0	2402076707	2403343
SRR21607482	5789167	0	0	5788755279	5789167
SRR5903378	752738	0	0	752613703	752738
SRR9199082	4304583	0	0	4301515436	4304583
ERR636375	765080	0	0	763690235	765080
SRR5823607	3592773	0	0	3592487548	3592773
SRR24091366	1410558	0	0	1410598137	1410558
ERR868476	3572758	0	0	3574144045	3572758
SRR5262292	3547158	0	0	3547083783	3547158
SRR14373432	9772996	0	0	9775547350	9772996
SRR13588908	2702422	0	0	2701996287	2702422
ERR868393	3453966	0	0	3454116485	3453966
ERR10101731	733155	0	0	732518998	733155
ERR1726742	2503610	0	0	2501864224	2503610
SRR13297012	1132160	0	0	1131905314	1132160
SRR7533076	764548	0	0	766341890	764548
SRR11728137	2878977	0	0	2878010176	2878977
SRR5496027	6134236	0	0	6134159020	6134236
SRR16329013	1028504	0	0	1028638780	1028504
SRR7589578	1338400	0	0	1334910343	1338400
SRR10512950	2974636	0	0	2974964638	2974636
SRR3184649	1398356	0	0	1397794699	1398356
SRR6185369	7327753	0	0	7331185722	7327753
SRR23814899	2999411	0	0	2997634129	2999411
ERR3761210	5949340	0	0	5949935975	5949340
ERR868366	3129962	0	0	3128886045	3129962
SRR6463003	2502464	0	0	2503318613	2502464
ERR10101732	565159	0	0	563779956	565159
SRR13060957	892024	0	0	891940977	892024
SRR3201731	2256709	0	0	2256775589	2256709
SRR22366767	875662	0	0	877368225	875662
SRR5451657	7898900	0	0	7897264493	7898900
ERR10101755	951152	0	0	947891556	951152
ERR4691764	3495935	0	0	3498491661	3495935
ERR1726585	2727325	0	0	2725918377	2727325
ERR10921434	1325307	0	0	1324501979	1325307
ERR4691609	2620284	0	0	2617026525	2620284
ERR599123	3221545	0	0	3215993369	3221545
SRR14005098	4263025	0	0	4263398210	4263025
ERR1726868	3178977	0	0	3181654021	3178977
ERR594298	3421646	0	0	3419996277	3421646
SRR15130126	5281007	0	0	5283620365	5281007
ERR3589575	1583833	0	0	1583562567	1583833
SRR13622813	845097	0	0	846476635	845097
ERR4691650	2503690	0	0	2500381197	2503690
SRR5451376	7487968	0	0	7488871587	7487968
ERR5037017	2396683	0	0	2394679170	2396683
ERR1726837	2299033	0	0	2300224697	2299033
ERR1726973	3236812	0	0	3237098867	3236812
ERR1078375	1933819	0	0	1932009695	1933819
SRR15377969	5593878	0	0	5593684416	5593878
SRR15436143	952825	0	0	953752478	952825
SRR1182698	555052	0	0	554906131	555052
SRR14573568	8089688	0	0	8089619802	8089688
SRR25477699	1523816	0	0	1522821978	1523816
ERR4405443	3183695	0	0	3182841906	3183695
ERR10921341	4602059	0	0	4605801766	4602059
ERR598955	2695422	0	0	2694703721	2695422
ERR3589577	1315981	0	0	1314813128	1315981
ERR3997374	4181092	0	0	4183555848	4181092
SRR8300743	808173	0	0	807121862	808173
SRR10143163	243831	0	0	243610398	243831
SRR5451659	7295946	0	0	7295150834	7295946
ERR868467	2781449	0	0	2782026949	2781449
SRR8477337	2423690	0	0	2423875568	2423690
SRR23814903	2679835	0	0	2680271781	2679835
SRR21875705	11369556	0	0	11367091554	11369556
ERR3761211	5934863	0	0	5939527351	5934863
ERR1726797	3713821	0	0	3716478345	3713821
SRR5517144	7298049	0	0	7299300744	7298049
ERR4691629	2676536	0	0	2676987432	2676536
SRR11430615	5696834	0	0	5699593866	5696834
ERR1726685	3374959	1	2	3374949685	3374960
SRR10512951	6503954	0	0	6502704757	6503954
SRR21411844	1115287	0	0	1115792999	1115287
SRR13318522	326917	0	0	326788236	326917
ERR598983	2908838	0	0	2907473460	2908838
SRR13588871	3498556	0	0	3498446782	3498556
SRR23692424	1051863	0	0	1050657639	1051863
ERR2847182	773770	0	0	773496086	773770
ERR636401	437898	0	0	438096547	437898
SRR5456801	6869731	0	0	6871725756	6869731
ERR4691604	1332614	0	0	1331094842	1332614
ERR1726847	2717276	0	0	2717492869	2717276
SRR16329069	1324595	0	0	1323424550	1324595
SRR9649889	582707	0	0	583102200	582707
ERR4691765	3559485	0	0	3559246036	3559485
SRR7533077	243417	0	0	242698995	243417
SRR5451578	7204956	0	0	7206097132	7204956
SRR25477870	1280690	0	0	1280027546	1280690
ERR11040817	2205279	0	0	2205728417	2205279
ERR868369	4268182	0	0	4264405058	4268182
SRR25119192	2739025	0	0	2738151174	2739025
SRR8894380	3880413	0	0	3882455577	3880413
SRR24675146	1092899	0	0	1093438743	1092899
SRR11195288	3016724	0	0	3013740056	3016724
ERR868478	3943174	0	0	3945534859	3943174
ERR1726720	3716358	0	0	3715154652	3716358
SRR9711195	4871902	0	0	4869537829	4871902
SRR19097873	2677774	0	0	2678785441	2677774
ERR1041384	3833954	0	0	3832084744	3833954
SRR14573567	7967634	0	0	7967158400	7967634
ERR1726958	2898573	0	0	2899238509	2898573
ERR868434	3391348	0	0	3390358404	3391348
ERR599139	2585686	0	0	2585245657	2585686
ERR2108712	3037693	0	0	3037991404	3037693
ERR594325	2309362	0	0	2310987113	2309362
ERR594313	1939488	0	0	1941086275	1939488
ERR1726650	2462949	0	0	2461712691	2462949
SRR14739670	11676879	0	0	11674688901	11676879
SRR8554643	5540412	0	0	5543899080	5540412
ERR1726708	2978003	0	0	2975984979	2978003
SRR26457891	9674643	0	0	9676350718	9674643
ERR1726908	2324551	0	0	2324158068	2324551
ERR868513	3790225	0	0	3791763973	3790225
SRR5829603	596303	0	0	596810372	596303
ERR1726670	3021763	0	0	3020293219	3021763
ERR10101711	608570	0	0	608321294	608570
ERR868385	2831588	0	0	2829819762	2831588
ERR2108713	2957353	0	0	2957177516	2957353
SRR3139705	2373607	0	0	2373112797	2373607
SRR16329082	1140415	0	0	1139992939	1140415
ERR1679396	2430703	0	0	2429657706	2430703
SRR5451725	6602771	0	0	6605186074	6602771
ERR599062	2308956	0	0	2310248863	2308956
ERR10101779	1303382	0	0	1301875112	1303382
SRR8871978	1027840	0	0	1028007716	1027840
SRR5451719	6062057	0	0	6064084023	6062057
SRR13588894	1612612	0	0	1612956488	1612612
SRR14573563	7154585	0	0	7154974929	7154585
ERR594294	2565640	0	0	2560646874	2565640
SRR15377935	7302070	0	0	7304918705	7302070
SRR3715698	6068523	0	0	6069407756	6068523
ERR1726547	2891706	0	0	2890754041	2891706
SRR8535427	10100033	0	0	10104465126	10100033
ERR2847256	905502	0	0	905782874	905502
ERR10101790	1034850	0	0	1032488818	1034850
ERR12084903	3912635	0	0	3913312491	3912635
SRR16329023	1103274	0	0	1103263914	1103274
SRR22586461	1183194	0	0	1184159467	1183194
ERR12177223	5984221	0	0	5985131172	5984221
ERR868355	3874547	0	0	3875346267	3874547
ERR10101702	622087	0	0	621987816	622087
SRR24675162	1212492	0	0	1212536464	1212492
SRR6056514	7105047	0	0	7104027495	7105047
SRR3954463	3784107	0	0	3784734561	3784107
SRR3195488	1172446	0	0	1172583465	1172446
ERR1726554	2918272	0	0	2917164030	2918272
SRR16329071	1289366	0	0	1289600503	1289366
SRR5371469	2397436	0	0	2400066749	2397436
SRR26457741	9761987	0	0	9759997110	9761987
SRR7533075	74789	0	0	74774180	74789
SRR7812565	1765755	0	0	1763713215	1765755
ERR10101803	824183	0	0	822437021	824183
SRR13318507	482326	0	0	482647744	482326
ERR868350	3189094	0	0	3188563434	3189094
SRR11673968	847923	0	0	848157576	847923
ERR598958	3310489	0	0	3307455471	3310489
ERR4691658	2967968	0	0	2967120937	2967968
ERR868473	3052362	0	0	3054494281	3052362
ERR9631034	4967261	0	0	4969648751	4967261
ERR4691693	2652941	0	0	2652098498	2652941
ERR4691816	2982902	0	0	2981939243	2982902
SRR9008937	4677479	0	0	4679875059	4677479
SRR21704968	2611443	0	0	2610465640	2611443
ERR10101767	431698	0	0	431607557	431698
ERR1726549	2507816	0	0	2506780014	2507816
SRR5903361	1020229	0	0	1018809413	1020229
SRR7812574	2065931	0	0	2063190848	2065931
ERR1726784	3164571	0	0	3164395426	3164571
SRR3989453	517447	0	0	517391023	517447
ERR1679398	2585000	0	0	2584775456	2585000
ERR4691806	2568272	0	0	2569973884	2568272
SRR16329031	1321520	0	0	1323483214	1321520
ERR10101744	373601	0	0	374634458	373601
ERR12047045	6620467	0	0	6623118562	6620467
SRR5451449	7003294	0	0	7008583508	7003294
ERR10101413	893205	0	0	892151794	893205
ERR868389	3584374	0	0	3585440738	3584374
SRR5456976	6669256	0	0	6665715881	6669256
ERR594296	2334734	0	0	2335331979	2334734
ERR1726880	2803513	0	0	2803647330	2803513
SRR20006721	3747993	0	0	3747585883	3747993
SRR26910046	532592	0	0	531967753	532592
ERR1606220	7903882	0	0	7901842638	7903882
SRR7589572	1207107	0	0	1206917023	1207107
SRR11912531	5096723	0	0	5093138558	5096723
SRR13060955	1010853	0	0	1009117017	1010853
SRR13589009	1916207	0	0	1915679754	1916207
SRR11673980	758364	0	0	759251860	758364
SRR13061020	569398	0	0	569927175	569398
ERR1726577	3364805	0	0	3368824117	3364805
ERR594301	2802270	0	0	2803258034	2802270
SRR8466249	4242989	0	0	4243300872	4242989
ERR1726529	3597838	0	0	3597272162	3597838
ERR4691786	2611139	0	0	2611913803	2611139
SRR13587054	1652352	0	0	1652777173	1652352
ERR599008	2437108	0	0	2440876134	2437108
ERR4691692	3173311	0	0	3172672056	3173311
SRR6958472	7119466	0	0	7119302536	7119466
ERR10101447	741707	0	0	741589186	741707
ERR10101798	828616	0	0	828750376	828616
SRR18643806	871970	0	0	872287116	871970
SRR12681089	8668567	0	0	8664213503	8668567
SRR3954465	3132025	0	0	3135657477	3132025
SRR5819848	4267751	0	0	4266008020	4267751
SRR7093796	6493224	0	0	6492982602	6493224
SRR16329099	1329572	0	0	1328967609	1329572
ERR4691659	2431913	0	0	2432509680	2431913
ERR1726611	2778241	0	0	2773796196	2778241
SRR13061046	697800	0	0	697069368	697800
ERR8189199	912574	0	0	912190738	912574
ERR4181791	2809873	0	0	2806464952	2809873
ERR10101759	905414	0	0	906239639	905414
SRR13588960	415473	0	0	414952811	415473
SRR5452140	7089876	0	0	7090309814	7089876
SRR21607487	4181303	0	0	4178337665	4181303
SRR7532960	72314	0	0	72234720	72314
SRR5903354	1057640	0	0	1056700423	1057640
SRR26457439	8568150	0	0	8570661305	8568150
ERR10101773	568720	0	0	568353581	568720
SRR24675148	552051	0	0	552712747	552051
SRR5215205	7078765	0	0	7077707651	7078765
ERR10101765	744053	0	0	743480889	744053
ERR12084900	4138163	0	0	4140051171	4138163
SRR3954466	3498597	0	0	3499190872	3498597
SRR5451658	7060646	0	0	7064460928	7060646
ERR3589557	2224260	0	0	2221270321	2224260
SRR5665903	3910591	0	0	3913565673	3910591
ERR4691752	2597581	0	0	2595354574	2597581
SRR13588847	1423425	0	0	1423641537	1423425
ERR599075	2531230	0	0	2532514548	2531230
ERR3589566	1474520	0	0	1474242667	1474520
SRR22559874	1071264	0	0	1069678286	1071264
ERR1726769	3028855	0	0	3026201675	3028855
SRR18682980	5039913	0	0	5040582897	5039913
ERR868445	3492850	0	0	3491275052	3492850
ERR1726666	3032005	0	0	3033559445	3032005
SRR7094831	6064838	0	0	6063804064	6064838
SRR17182811	1210925	0	0	1209970201	1210925
SRR6958474	6231622	0	0	6233265454	6231622
ERR868508	5094385	0	0	5091741549	5094385
ERR599160	2787565	0	0	2787872193	2787565
SRR12605074	4581043	0	0	4578585882	4581043
ERR10101751	853050	0	0	851161907	853050
ERR599325	1827065	0	0	1826685222	1827065
SRR7533057	186803	0	0	186818296	186803
ERR10101411	1254160	0	0	1253405781	1254160
ERR10101415	968011	0	0	966189819	968011
ERR599286	3832967	0	0	3834362422	3832967
SRR7533000	39295	0	0	39641363	39295
SRR26457461	10294430	0	0	10294589383	10294430
ERR1726782	2941377	0	0	2945542251	2941377
ERR2847196	1076455	0	0	1076615355	1076455
SRR6957362	7082839	0	0	7084638151	7082839
ERR3997378	2001629	0	0	2000805468	2001629
SRR5940751	958666	0	0	958654134	958666
SRR13588896	1861720	0	0	1863154240	1861720
ERR3589565	1870850	0	0	1869383681	1870850
ERR10101431	1155940	0	0	1155300834	1155940
ERR868458	3036878	0	0	3036125622	3036878
SRR12687952	8165903	0	0	8168089495	8165903
ERR1726776	3136448	0	0	3140716978	3136448
ERR10101764	863689	0	0	862451994	863689
ERR868474	3202251	0	0	3202390462	3202251
SRR26457751	11066536	0	0	11063776861	11066536
ERR4691595	2591411	0	0	2589968599	2591411
ERR599238	3883782	0	0	3883611250	3883782
ERR1726696	3470537	0	0	3469839849	3470537
ERR7342788	331657	0	0	331354785	331657
ERR599097	3279587	0	0	3280957806	3279587
SRR11912304	4450301	0	0	4449031213	4450301
